<?xml version="1.0" encoding="utf-8"?>
<!--EDRS Version 1.0-->
<global>
   <file comment="" name="">
      <function comment="" line="" main_generator_called="MAIN_GENERATOR"
                name="Rte_IRead_LKAS_Runnable_LKAS_Step_FDMMve_d_LkaFcnConf_FDMMve_d_LkaFcnConf">
         <scalar assert_range="unsupported" base_type="" comment="" complete_type=""
                 global_assert="unsupported"
                 init_mode="PERMANENT"
                 init_modes_allowed="4"
                 init_range="min..max"
                 line=""
                 name="return"/>
      </function>
      <function comment="" line="" main_generator_called="MAIN_GENERATOR"
                name="Rte_IRead_LKAS_Runnable_LKAS_Step_IMAPve_d_LKA_Main_Switch_IMAPve_d_LKA_Main_Switch">
         <scalar assert_range="unsupported" base_type="" comment="" complete_type=""
                 global_assert="unsupported"
                 init_mode="PERMANENT"
                 init_modes_allowed="4"
                 init_range="min..max"
                 line=""
                 name="return"/>
      </function>
      <function comment="" line="" main_generator_called="MAIN_GENERATOR"
                name="Rte_IRead_LKAS_Runnable_LKAS_Step_IMAPve_d_LKA_Mode_IMAPve_d_LKA_Mode">
         <scalar assert_range="unsupported" base_type="" comment="" complete_type=""
                 global_assert="unsupported"
                 init_mode="PERMANENT"
                 init_modes_allowed="4"
                 init_range="min..max"
                 line=""
                 name="return"/>
      </function>
      <function comment="" line="" main_generator_called="MAIN_GENERATOR"
                name="Rte_IRead_LKAS_Runnable_LKAS_Step_IMAPve_d_LDW_Warn_Mode_IMAPve_d_LDW_Warn_Mode">
         <scalar assert_range="unsupported" base_type="" comment="" complete_type=""
                 global_assert="unsupported"
                 init_mode="PERMANENT"
                 init_modes_allowed="4"
                 init_range="min..max"
                 line=""
                 name="return"/>
      </function>
      <function comment="" line="" main_generator_called="MAIN_GENERATOR"
                name="Rte_IRead_LKAS_Runnable_LKAS_Step_IMAPve_d_APA_AutoPark_WorkSt_IMAPve_d_APA_AutoPark_WorkSt">
         <scalar assert_range="unsupported" base_type="" comment="" complete_type=""
                 global_assert="unsupported"
                 init_mode="PERMANENT"
                 init_modes_allowed="4"
                 init_range="min..max"
                 line=""
                 name="return"/>
      </function>
      <function comment="" line="" main_generator_called="MAIN_GENERATOR"
                name="Rte_IRead_LKAS_Runnable_LKAS_Step_IMAPve_d_MP5_Work_State_IMAPve_d_MP5_Work_State">
         <scalar assert_range="unsupported" base_type="" comment="" complete_type=""
                 global_assert="unsupported"
                 init_mode="PERMANENT"
                 init_modes_allowed="4"
                 init_range="min..max"
                 line=""
                 name="return"/>
      </function>
      <function comment="" line="" main_generator_called="MAIN_GENERATOR"
                name="Rte_IRead_LKAS_Runnable_LKAS_Step_IMAPve_d_EPS_LKA_State_IMAPve_d_EPS_LKA_State">
         <scalar assert_range="unsupported" base_type="" comment="" complete_type=""
                 global_assert="unsupported"
                 init_mode="PERMANENT"
                 init_modes_allowed="4"
                 init_range="min..max"
                 line=""
                 name="return"/>
      </function>
      <function comment="" line="" main_generator_called="MAIN_GENERATOR"
                name="Rte_IRead_LKAS_Runnable_LKAS_Step_IMAPve_g_EPS_SW_Trq_IMAPve_g_EPS_SW_Trq">
         <scalar assert_range="unsupported" base_type="" comment="" complete_type=""
                 global_assert="unsupported"
                 init_mode="PERMANENT"
                 init_modes_allowed="4"
                 init_range="min..max"
                 line=""
                 name="return"/>
      </function>
      <function comment="" line="" main_generator_called="MAIN_GENERATOR"
                name="Rte_IRead_LKAS_Runnable_LKAS_Step_IMAPve_d_EPS_Trq_State_IMAPve_d_EPS_Trq_State">
         <scalar assert_range="unsupported" base_type="" comment="" complete_type=""
                 global_assert="unsupported"
                 init_mode="PERMANENT"
                 init_modes_allowed="4"
                 init_range="min..max"
                 line=""
                 name="return"/>
      </function>
      <function comment="" line="" main_generator_called="MAIN_GENERATOR"
                name="Rte_IRead_LKAS_Runnable_LKAS_Step_IMAPve_d_SAS_Clb_State_IMAPve_d_SAS_Clb_State">
         <scalar assert_range="unsupported" base_type="" comment="" complete_type=""
                 global_assert="unsupported"
                 init_mode="PERMANENT"
                 init_modes_allowed="4"
                 init_range="min..max"
                 line=""
                 name="return"/>
      </function>
      <function comment="" line="" main_generator_called="MAIN_GENERATOR"
                name="Rte_IRead_LKAS_Runnable_LKAS_Step_IMAPve_d_SAS_Trim_State_IMAPve_d_SAS_Trim_State">
         <scalar assert_range="unsupported" base_type="" comment="" complete_type=""
                 global_assert="unsupported"
                 init_mode="PERMANENT"
                 init_modes_allowed="4"
                 init_range="min..max"
                 line=""
                 name="return"/>
      </function>
      <function comment="" line="" main_generator_called="MAIN_GENERATOR"
                name="Rte_IRead_LKAS_Runnable_LKAS_Step_IMAPve_d_SWS_Failure_Status_IMAPve_d_SWS_Failure_Status">
         <scalar assert_range="unsupported" base_type="" comment="" complete_type=""
                 global_assert="unsupported"
                 init_mode="PERMANENT"
                 init_modes_allowed="4"
                 init_range="min..max"
                 line=""
                 name="return"/>
      </function>
      <function comment="" line="" main_generator_called="MAIN_GENERATOR"
                name="Rte_IRead_LKAS_Runnable_LKAS_Step_IMAPve_d_EPS_TrqLim_State_IMAPve_d_EPS_TrqLim_State">
         <scalar assert_range="unsupported" base_type="" comment="" complete_type=""
                 global_assert="unsupported"
                 init_mode="PERMANENT"
                 init_modes_allowed="4"
                 init_range="min..max"
                 line=""
                 name="return"/>
      </function>
      <function comment="" line="" main_generator_called="MAIN_GENERATOR"
                name="Rte_IRead_LKAS_Runnable_LKAS_Step_IMAPve_g_EPS_LKA_Current_IMAPve_g_EPS_LKA_Current">
         <scalar assert_range="unsupported" base_type="" comment="" complete_type=""
                 global_assert="unsupported"
                 init_mode="PERMANENT"
                 init_modes_allowed="4"
                 init_range="min..max"
                 line=""
                 name="return"/>
      </function>
      <function comment="" line="" main_generator_called="MAIN_GENERATOR"
                name="Rte_IRead_LKAS_Runnable_LKAS_Step_IMAPve_d_EPS_Steer_Hold_State_IMAPve_d_EPS_Steer_Hold_State">
         <scalar assert_range="unsupported" base_type="" comment="" complete_type=""
                 global_assert="unsupported"
                 init_mode="PERMANENT"
                 init_modes_allowed="4"
                 init_range="min..max"
                 line=""
                 name="return"/>
      </function>
      <function comment="" line="" main_generator_called="MAIN_GENERATOR"
                name="Rte_IRead_LKAS_Runnable_LKAS_Step_IMAPve_d_EPS_Driver_Override_IMAPve_d_EPS_Driver_Override">
         <scalar assert_range="unsupported" base_type="" comment="" complete_type=""
                 global_assert="unsupported"
                 init_mode="PERMANENT"
                 init_modes_allowed="4"
                 init_range="min..max"
                 line=""
                 name="return"/>
      </function>
      <function comment="" line="" main_generator_called="MAIN_GENERATOR"
                name="Rte_IRead_LKAS_Runnable_LKAS_Step_IMAPve_d_EPS_ESA_State_IMAPve_d_EPS_ESA_State">
         <scalar assert_range="unsupported" base_type="" comment="" complete_type=""
                 global_assert="unsupported"
                 init_mode="PERMANENT"
                 init_modes_allowed="4"
                 init_range="min..max"
                 line=""
                 name="return"/>
      </function>
      <function comment="" line="" main_generator_called="MAIN_GENERATOR"
                name="Rte_IRead_LKAS_Runnable_LKAS_Step_IMAPve_d_EPS_SteeringAngle_Flag_IMAPve_d_EPS_SteeringAngle_Flag">
         <scalar assert_range="unsupported" base_type="" comment="" complete_type=""
                 global_assert="unsupported"
                 init_mode="PERMANENT"
                 init_modes_allowed="4"
                 init_range="min..max"
                 line=""
                 name="return"/>
      </function>
      <function comment="" line="" main_generator_called="MAIN_GENERATOR"
                name="Rte_IRead_LKAS_Runnable_LKAS_Step_IMAPve_g_EPS_SteeringAngle_IMAPve_g_EPS_SteeringAngle">
         <scalar assert_range="unsupported" base_type="" comment="" complete_type=""
                 global_assert="unsupported"
                 init_mode="PERMANENT"
                 init_modes_allowed="4"
                 init_range="min..max"
                 line=""
                 name="return"/>
      </function>
      <function comment="" line="" main_generator_called="MAIN_GENERATOR"
                name="Rte_IRead_LKAS_Runnable_LKAS_Step_IMAPve_g_SW_Angle_IMAPve_g_SW_Angle">
         <scalar assert_range="unsupported" base_type="" comment="" complete_type=""
                 global_assert="unsupported"
                 init_mode="PERMANENT"
                 init_modes_allowed="4"
                 init_range="min..max"
                 line=""
                 name="return"/>
      </function>
      <function comment="" line="" main_generator_called="MAIN_GENERATOR"
                name="Rte_IRead_LKAS_Runnable_LKAS_Step_IMAPve_g_SW_Angle_Speed_IMAPve_g_SW_Angle_Speed">
         <scalar assert_range="unsupported" base_type="" comment="" complete_type=""
                 global_assert="unsupported"
                 init_mode="PERMANENT"
                 init_modes_allowed="4"
                 init_range="min..max"
                 line=""
                 name="return"/>
      </function>
      <function comment="" line="" main_generator_called="MAIN_GENERATOR"
                name="Rte_IRead_LKAS_Runnable_LKAS_Step_IMAPve_g_ESC_LatAcc_IMAPve_g_ESC_LatAcc">
         <scalar assert_range="unsupported" base_type="" comment="" complete_type=""
                 global_assert="unsupported"
                 init_mode="PERMANENT"
                 init_modes_allowed="4"
                 init_range="min..max"
                 line=""
                 name="return"/>
      </function>
      <function comment="" line="" main_generator_called="MAIN_GENERATOR"
                name="Rte_IRead_LKAS_Runnable_LKAS_Step_IMAPve_d_ESC_LatAcc_Valid_IMAPve_d_ESC_LatAcc_Valid">
         <scalar assert_range="unsupported" base_type="" comment="" complete_type=""
                 global_assert="unsupported"
                 init_mode="PERMANENT"
                 init_modes_allowed="4"
                 init_range="min..max"
                 line=""
                 name="return"/>
      </function>
      <function comment="" line="" main_generator_called="MAIN_GENERATOR"
                name="Rte_IRead_LKAS_Runnable_LKAS_Step_IMAPve_g_ESC_YawRate_IMAPve_g_ESC_YawRate">
         <scalar assert_range="unsupported" base_type="" comment="" complete_type=""
                 global_assert="unsupported"
                 init_mode="PERMANENT"
                 init_modes_allowed="4"
                 init_range="min..max"
                 line=""
                 name="return"/>
      </function>
      <function comment="" line="" main_generator_called="MAIN_GENERATOR"
                name="Rte_IRead_LKAS_Runnable_LKAS_Step_IMAPve_d_ESC_YawRate_Valid_IMAPve_d_ESC_YawRate_Valid">
         <scalar assert_range="unsupported" base_type="" comment="" complete_type=""
                 global_assert="unsupported"
                 init_mode="PERMANENT"
                 init_modes_allowed="4"
                 init_range="min..max"
                 line=""
                 name="return"/>
      </function>
      <function comment="" line="" main_generator_called="MAIN_GENERATOR"
                name="Rte_IRead_LKAS_Runnable_LKAS_Step_IMAPve_g_ESC_UnYawRate_IMAPve_g_ESC_UnYawRate">
         <scalar assert_range="unsupported" base_type="" comment="" complete_type=""
                 global_assert="unsupported"
                 init_mode="PERMANENT"
                 init_modes_allowed="4"
                 init_range="min..max"
                 line=""
                 name="return"/>
      </function>
      <function comment="" line="" main_generator_called="MAIN_GENERATOR"
                name="Rte_IRead_LKAS_Runnable_LKAS_Step_IMAPve_g_ESC_VehSpd_IMAPve_g_ESC_VehSpd">
         <scalar assert_range="unsupported" base_type="" comment="" complete_type=""
                 global_assert="unsupported"
                 init_mode="PERMANENT"
                 init_modes_allowed="4"
                 init_range="min..max"
                 line=""
                 name="return"/>
      </function>
      <function comment="" line="" main_generator_called="MAIN_GENERATOR"
                name="Rte_IRead_LKAS_Runnable_LKAS_Step_IMAPve_g_ESC_LonAcc_IMAPve_g_ESC_LonAcc">
         <scalar assert_range="unsupported" base_type="" comment="" complete_type=""
                 global_assert="unsupported"
                 init_mode="PERMANENT"
                 init_modes_allowed="4"
                 init_range="min..max"
                 line=""
                 name="return"/>
      </function>
      <function comment="" line="" main_generator_called="MAIN_GENERATOR"
                name="Rte_IRead_LKAS_Runnable_LKAS_Step_IMAPve_d_ESC_LonAcc_Valid_IMAPve_d_ESC_LonAcc_Valid">
         <scalar assert_range="unsupported" base_type="" comment="" complete_type=""
                 global_assert="unsupported"
                 init_mode="PERMANENT"
                 init_modes_allowed="4"
                 init_range="min..max"
                 line=""
                 name="return"/>
      </function>
      <function comment="" line="" main_generator_called="MAIN_GENERATOR"
                name="Rte_IRead_LKAS_Runnable_LKAS_Step_IMAPve_g_ESC_Brake_Press_IMAPve_g_ESC_Brake_Press">
         <scalar assert_range="unsupported" base_type="" comment="" complete_type=""
                 global_assert="unsupported"
                 init_mode="PERMANENT"
                 init_modes_allowed="4"
                 init_range="min..max"
                 line=""
                 name="return"/>
      </function>
      <function comment="" line="" main_generator_called="MAIN_GENERATOR"
                name="Rte_IRead_LKAS_Runnable_LKAS_Step_IMAPve_d_ESC_VehSpd_Valid_IMAPve_d_ESC_VehSpd_Valid">
         <scalar assert_range="unsupported" base_type="" comment="" complete_type=""
                 global_assert="unsupported"
                 init_mode="PERMANENT"
                 init_modes_allowed="4"
                 init_range="min..max"
                 line=""
                 name="return"/>
      </function>
      <function comment="" line="" main_generator_called="MAIN_GENERATOR"
                name="Rte_IRead_LKAS_Runnable_LKAS_Step_IMAPve_d_BCM_HazardLamp_IMAPve_d_BCM_HazardLamp">
         <scalar assert_range="unsupported" base_type="" comment="" complete_type=""
                 global_assert="unsupported"
                 init_mode="PERMANENT"
                 init_modes_allowed="4"
                 init_range="min..max"
                 line=""
                 name="return"/>
      </function>
      <function comment="" line="" main_generator_called="MAIN_GENERATOR"
                name="Rte_IRead_LKAS_Runnable_LKAS_Step_IMAPve_d_BCM_Left_Light_IMAPve_d_BCM_Left_Light">
         <scalar assert_range="unsupported" base_type="" comment="" complete_type=""
                 global_assert="unsupported"
                 init_mode="PERMANENT"
                 init_modes_allowed="4"
                 init_range="min..max"
                 line=""
                 name="return"/>
      </function>
      <function comment="" line="" main_generator_called="MAIN_GENERATOR"
                name="Rte_IRead_LKAS_Runnable_LKAS_Step_IMAPve_d_BCM_Right_Light_IMAPve_d_BCM_Right_Light">
         <scalar assert_range="unsupported" base_type="" comment="" complete_type=""
                 global_assert="unsupported"
                 init_mode="PERMANENT"
                 init_modes_allowed="4"
                 init_range="min..max"
                 line=""
                 name="return"/>
      </function>
      <function comment="" line="" main_generator_called="MAIN_GENERATOR"
                name="Rte_IRead_LKAS_Runnable_LKAS_Step_IMAPve_d_BCM_LeftTurn_Switch_IMAPve_d_BCM_LeftTurn_Switch">
         <scalar assert_range="unsupported" base_type="" comment="" complete_type=""
                 global_assert="unsupported"
                 init_mode="PERMANENT"
                 init_modes_allowed="4"
                 init_range="min..max"
                 line=""
                 name="return"/>
      </function>
      <function comment="" line="" main_generator_called="MAIN_GENERATOR"
                name="Rte_IRead_LKAS_Runnable_LKAS_Step_IMAPve_d_BCM_RightTurn_Switch_IMAPve_d_BCM_RightTurn_Switch">
         <scalar assert_range="unsupported" base_type="" comment="" complete_type=""
                 global_assert="unsupported"
                 init_mode="PERMANENT"
                 init_modes_allowed="4"
                 init_range="min..max"
                 line=""
                 name="return"/>
      </function>
      <function comment="" line="" main_generator_called="MAIN_GENERATOR"
                name="Rte_IRead_LKAS_Runnable_LKAS_Step_IMAPve_d_BCM_HazardLamp_Switch_IMAPve_d_BCM_HazardLamp_Switch">
         <scalar assert_range="unsupported" base_type="" comment="" complete_type=""
                 global_assert="unsupported"
                 init_mode="PERMANENT"
                 init_modes_allowed="4"
                 init_range="min..max"
                 line=""
                 name="return"/>
      </function>
      <function comment="" line="" main_generator_called="MAIN_GENERATOR"
                name="Rte_IRead_LKAS_Runnable_LKAS_Step_IMAPve_g_EMS_RealPedal_IMAPve_g_EMS_RealPedal">
         <scalar assert_range="unsupported" base_type="" comment="" complete_type=""
                 global_assert="unsupported"
                 init_mode="PERMANENT"
                 init_modes_allowed="4"
                 init_range="min..max"
                 line=""
                 name="return"/>
      </function>
      <function comment="" line="" main_generator_called="MAIN_GENERATOR"
                name="Rte_IRead_LKAS_Runnable_LKAS_Step_IMAPve_d_TCU_Actual_Gear_IMAPve_d_TCU_Actual_Gear">
         <scalar assert_range="unsupported" base_type="" comment="" complete_type=""
                 global_assert="unsupported"
                 init_mode="PERMANENT"
                 init_modes_allowed="4"
                 init_range="min..max"
                 line=""
                 name="return"/>
      </function>
      <function comment="" line="" main_generator_called="MAIN_GENERATOR"
                name="Rte_IRead_LKAS_Runnable_LKAS_Step_IMAPve_d_TCU_TCU_Available_IMAPve_d_TCU_TCU_Available">
         <scalar assert_range="unsupported" base_type="" comment="" complete_type=""
                 global_assert="unsupported"
                 init_mode="PERMANENT"
                 init_modes_allowed="4"
                 init_range="min..max"
                 line=""
                 name="return"/>
      </function>
      <function comment="" line="" main_generator_called="MAIN_GENERATOR"
                name="Rte_IRead_LKAS_Runnable_LKAS_Step_ADIAve_g_ASWFaultStatus_ADIAve_g_ASWFaultStatus">
         <scalar assert_range="unsupported" base_type="" comment="" complete_type=""
                 global_assert="unsupported"
                 init_mode="PERMANENT"
                 init_modes_allowed="4"
                 init_range="min..max"
                 line=""
                 name="return"/>
      </function>
      <function comment="" line="" main_generator_called="MAIN_GENERATOR"
                name="Rte_IRead_LKAS_Runnable_LKAS_Step_ADIAve_g_BSWFaultStatus_ADIAve_g_BSWFaultStatus">
         <scalar assert_range="unsupported" base_type="" comment="" complete_type=""
                 global_assert="unsupported"
                 init_mode="PERMANENT"
                 init_modes_allowed="4"
                 init_range="min..max"
                 line=""
                 name="return"/>
      </function>
      <function comment="" line="" main_generator_called="MAIN_GENERATOR"
                name="Rte_IRead_LKAS_Runnable_LKAS_Step_ADIAve_d_FuncFaultStatus_ADIAve_d_FuncFaultStatus">
         <scalar assert_range="unsupported" base_type="" comment="" complete_type=""
                 global_assert="unsupported"
                 init_mode="PERMANENT"
                 init_modes_allowed="4"
                 init_range="min..max"
                 line=""
                 name="return"/>
      </function>
      <function comment="" line="" main_generator_called="MAIN_GENERATOR"
                name="Rte_IRead_LKAS_Runnable_LKAS_Step_IMAPve_d_Camera_Status_IMAPve_d_Camera_Status">
         <scalar assert_range="unsupported" base_type="" comment="" complete_type=""
                 global_assert="unsupported"
                 init_mode="PERMANENT"
                 init_modes_allowed="4"
                 init_range="min..max"
                 line=""
                 name="return"/>
      </function>
      <function comment="" line="" main_generator_called="MAIN_GENERATOR"
                name="Rte_IRead_LKAS_Runnable_LKAS_Step_IMAPve_d_Sensor_Status_IMAPve_d_Sensor_Status">
         <scalar assert_range="unsupported" base_type="" comment="" complete_type=""
                 global_assert="unsupported"
                 init_mode="PERMANENT"
                 init_modes_allowed="4"
                 init_range="min..max"
                 line=""
                 name="return"/>
      </function>
      <function comment="" line="" main_generator_called="MAIN_GENERATOR"
                name="Rte_IRead_LKAS_Runnable_LKAS_Step_IMAPve_d_Fusion_Status_IMAPve_d_Fusion_Status">
         <scalar assert_range="unsupported" base_type="" comment="" complete_type=""
                 global_assert="unsupported"
                 init_mode="PERMANENT"
                 init_modes_allowed="4"
                 init_range="min..max"
                 line=""
                 name="return"/>
      </function>
      <function comment="" line="" main_generator_called="MAIN_GENERATOR"
                name="Rte_IRead_LKAS_Runnable_LKAS_Step_IMAPve_g_L0_C0_IMAPve_g_L0_C0">
         <scalar assert_range="unsupported" base_type="" comment="" complete_type=""
                 global_assert="unsupported"
                 init_mode="PERMANENT"
                 init_modes_allowed="4"
                 init_range="min..max"
                 line=""
                 name="return"/>
      </function>
      <function comment="" line="" main_generator_called="MAIN_GENERATOR"
                name="Rte_IRead_LKAS_Runnable_LKAS_Step_IMAPve_g_L0_C1_IMAPve_g_L0_C1">
         <scalar assert_range="unsupported" base_type="" comment="" complete_type=""
                 global_assert="unsupported"
                 init_mode="PERMANENT"
                 init_modes_allowed="4"
                 init_range="min..max"
                 line=""
                 name="return"/>
      </function>
      <function comment="" line="" main_generator_called="MAIN_GENERATOR"
                name="Rte_IRead_LKAS_Runnable_LKAS_Step_IMAPve_g_L0_C2_IMAPve_g_L0_C2">
         <scalar assert_range="unsupported" base_type="" comment="" complete_type=""
                 global_assert="unsupported"
                 init_mode="PERMANENT"
                 init_modes_allowed="4"
                 init_range="min..max"
                 line=""
                 name="return"/>
      </function>
      <function comment="" line="" main_generator_called="MAIN_GENERATOR"
                name="Rte_IRead_LKAS_Runnable_LKAS_Step_IMAPve_g_L0_C3_IMAPve_g_L0_C3">
         <scalar assert_range="unsupported" base_type="" comment="" complete_type=""
                 global_assert="unsupported"
                 init_mode="PERMANENT"
                 init_modes_allowed="4"
                 init_range="min..max"
                 line=""
                 name="return"/>
      </function>
      <function comment="" line="" main_generator_called="MAIN_GENERATOR"
                name="Rte_IRead_LKAS_Runnable_LKAS_Step_IMAPve_g_L0_VR_IMAPve_g_L0_VR">
         <scalar assert_range="unsupported" base_type="" comment="" complete_type=""
                 global_assert="unsupported"
                 init_mode="PERMANENT"
                 init_modes_allowed="4"
                 init_range="min..max"
                 line=""
                 name="return"/>
      </function>
      <function comment="" line="" main_generator_called="MAIN_GENERATOR"
                name="Rte_IRead_LKAS_Runnable_LKAS_Step_IMAPve_d_L0_Q_IMAPve_d_L0_Q">
         <scalar assert_range="unsupported" base_type="" comment="" complete_type=""
                 global_assert="unsupported"
                 init_mode="PERMANENT"
                 init_modes_allowed="4"
                 init_range="min..max"
                 line=""
                 name="return"/>
      </function>
      <function comment="" line="" main_generator_called="MAIN_GENERATOR"
                name="Rte_IRead_LKAS_Runnable_LKAS_Step_IMAPve_d_L0_Type_IMAPve_d_L0_Type">
         <scalar assert_range="unsupported" base_type="" comment="" complete_type=""
                 global_assert="unsupported"
                 init_mode="PERMANENT"
                 init_modes_allowed="4"
                 init_range="min..max"
                 line=""
                 name="return"/>
      </function>
      <function comment="" line="" main_generator_called="MAIN_GENERATOR"
                name="Rte_IRead_LKAS_Runnable_LKAS_Step_IMAPve_g_L0_W_IMAPve_g_L0_W">
         <scalar assert_range="unsupported" base_type="" comment="" complete_type=""
                 global_assert="unsupported"
                 init_mode="PERMANENT"
                 init_modes_allowed="4"
                 init_range="min..max"
                 line=""
                 name="return"/>
      </function>
      <function comment="" line="" main_generator_called="MAIN_GENERATOR"
                name="Rte_IRead_LKAS_Runnable_LKAS_Step_IMAPve_g_R0_C0_IMAPve_g_R0_C0">
         <scalar assert_range="unsupported" base_type="" comment="" complete_type=""
                 global_assert="unsupported"
                 init_mode="PERMANENT"
                 init_modes_allowed="4"
                 init_range="min..max"
                 line=""
                 name="return"/>
      </function>
      <function comment="" line="" main_generator_called="MAIN_GENERATOR"
                name="Rte_IRead_LKAS_Runnable_LKAS_Step_IMAPve_g_R0_C1_IMAPve_g_R0_C1">
         <scalar assert_range="unsupported" base_type="" comment="" complete_type=""
                 global_assert="unsupported"
                 init_mode="PERMANENT"
                 init_modes_allowed="4"
                 init_range="min..max"
                 line=""
                 name="return"/>
      </function>
      <function comment="" line="" main_generator_called="MAIN_GENERATOR"
                name="Rte_IRead_LKAS_Runnable_LKAS_Step_IMAPve_g_R0_C2_IMAPve_g_R0_C2">
         <scalar assert_range="unsupported" base_type="" comment="" complete_type=""
                 global_assert="unsupported"
                 init_mode="PERMANENT"
                 init_modes_allowed="4"
                 init_range="min..max"
                 line=""
                 name="return"/>
      </function>
      <function comment="" line="" main_generator_called="MAIN_GENERATOR"
                name="Rte_IRead_LKAS_Runnable_LKAS_Step_IMAPve_g_R0_C3_IMAPve_g_R0_C3">
         <scalar assert_range="unsupported" base_type="" comment="" complete_type=""
                 global_assert="unsupported"
                 init_mode="PERMANENT"
                 init_modes_allowed="4"
                 init_range="min..max"
                 line=""
                 name="return"/>
      </function>
      <function comment="" line="" main_generator_called="MAIN_GENERATOR"
                name="Rte_IRead_LKAS_Runnable_LKAS_Step_IMAPve_g_R0_VR_IMAPve_g_R0_VR">
         <scalar assert_range="unsupported" base_type="" comment="" complete_type=""
                 global_assert="unsupported"
                 init_mode="PERMANENT"
                 init_modes_allowed="4"
                 init_range="min..max"
                 line=""
                 name="return"/>
      </function>
      <function comment="" line="" main_generator_called="MAIN_GENERATOR"
                name="Rte_IRead_LKAS_Runnable_LKAS_Step_IMAPve_d_R0_Q_IMAPve_d_R0_Q">
         <scalar assert_range="unsupported" base_type="" comment="" complete_type=""
                 global_assert="unsupported"
                 init_mode="PERMANENT"
                 init_modes_allowed="4"
                 init_range="min..max"
                 line=""
                 name="return"/>
      </function>
      <function comment="" line="" main_generator_called="MAIN_GENERATOR"
                name="Rte_IRead_LKAS_Runnable_LKAS_Step_IMAPve_d_R0_Type_IMAPve_d_R0_Type">
         <scalar assert_range="unsupported" base_type="" comment="" complete_type=""
                 global_assert="unsupported"
                 init_mode="PERMANENT"
                 init_modes_allowed="4"
                 init_range="min..max"
                 line=""
                 name="return"/>
      </function>
      <function comment="" line="" main_generator_called="MAIN_GENERATOR"
                name="Rte_IRead_LKAS_Runnable_LKAS_Step_IMAPve_g_R0_W_IMAPve_g_R0_W">
         <scalar assert_range="unsupported" base_type="" comment="" complete_type=""
                 global_assert="unsupported"
                 init_mode="PERMANENT"
                 init_modes_allowed="4"
                 init_range="min..max"
                 line=""
                 name="return"/>
      </function>
      <function comment="" line="" main_generator_called="MAIN_GENERATOR"
                name="Rte_IRead_LKAS_Runnable_LKAS_Step_IMAPve_g_L1_C0_IMAPve_g_L1_C0">
         <scalar assert_range="unsupported" base_type="" comment="" complete_type=""
                 global_assert="unsupported"
                 init_mode="PERMANENT"
                 init_modes_allowed="4"
                 init_range="min..max"
                 line=""
                 name="return"/>
      </function>
      <function comment="" line="" main_generator_called="MAIN_GENERATOR"
                name="Rte_IRead_LKAS_Runnable_LKAS_Step_IMAPve_g_L1_C1_IMAPve_g_L1_C1">
         <scalar assert_range="unsupported" base_type="" comment="" complete_type=""
                 global_assert="unsupported"
                 init_mode="PERMANENT"
                 init_modes_allowed="4"
                 init_range="min..max"
                 line=""
                 name="return"/>
      </function>
      <function comment="" line="" main_generator_called="MAIN_GENERATOR"
                name="Rte_IRead_LKAS_Runnable_LKAS_Step_IMAPve_g_L1_C2_IMAPve_g_L1_C2">
         <scalar assert_range="unsupported" base_type="" comment="" complete_type=""
                 global_assert="unsupported"
                 init_mode="PERMANENT"
                 init_modes_allowed="4"
                 init_range="min..max"
                 line=""
                 name="return"/>
      </function>
      <function comment="" line="" main_generator_called="MAIN_GENERATOR"
                name="Rte_IRead_LKAS_Runnable_LKAS_Step_IMAPve_g_L1_C3_IMAPve_g_L1_C3">
         <scalar assert_range="unsupported" base_type="" comment="" complete_type=""
                 global_assert="unsupported"
                 init_mode="PERMANENT"
                 init_modes_allowed="4"
                 init_range="min..max"
                 line=""
                 name="return"/>
      </function>
      <function comment="" line="" main_generator_called="MAIN_GENERATOR"
                name="Rte_IRead_LKAS_Runnable_LKAS_Step_IMAPve_g_L1_VR_IMAPve_g_L1_VR">
         <scalar assert_range="unsupported" base_type="" comment="" complete_type=""
                 global_assert="unsupported"
                 init_mode="PERMANENT"
                 init_modes_allowed="4"
                 init_range="min..max"
                 line=""
                 name="return"/>
      </function>
      <function comment="" line="" main_generator_called="MAIN_GENERATOR"
                name="Rte_IRead_LKAS_Runnable_LKAS_Step_IMAPve_d_L1_Q_IMAPve_d_L1_Q">
         <scalar assert_range="unsupported" base_type="" comment="" complete_type=""
                 global_assert="unsupported"
                 init_mode="PERMANENT"
                 init_modes_allowed="4"
                 init_range="min..max"
                 line=""
                 name="return"/>
      </function>
      <function comment="" line="" main_generator_called="MAIN_GENERATOR"
                name="Rte_IRead_LKAS_Runnable_LKAS_Step_IMAPve_d_L1_Type_IMAPve_d_L1_Type">
         <scalar assert_range="unsupported" base_type="" comment="" complete_type=""
                 global_assert="unsupported"
                 init_mode="PERMANENT"
                 init_modes_allowed="4"
                 init_range="min..max"
                 line=""
                 name="return"/>
      </function>
      <function comment="" line="" main_generator_called="MAIN_GENERATOR"
                name="Rte_IRead_LKAS_Runnable_LKAS_Step_IMAPve_g_L1_W_IMAPve_g_L1_W">
         <scalar assert_range="unsupported" base_type="" comment="" complete_type=""
                 global_assert="unsupported"
                 init_mode="PERMANENT"
                 init_modes_allowed="4"
                 init_range="min..max"
                 line=""
                 name="return"/>
      </function>
      <function comment="" line="" main_generator_called="MAIN_GENERATOR"
                name="Rte_IRead_LKAS_Runnable_LKAS_Step_IMAPve_g_R1_C0_IMAPve_g_R1_C0">
         <scalar assert_range="unsupported" base_type="" comment="" complete_type=""
                 global_assert="unsupported"
                 init_mode="PERMANENT"
                 init_modes_allowed="4"
                 init_range="min..max"
                 line=""
                 name="return"/>
      </function>
      <function comment="" line="" main_generator_called="MAIN_GENERATOR"
                name="Rte_IRead_LKAS_Runnable_LKAS_Step_IMAPve_g_R1_C1_IMAPve_g_R1_C1">
         <scalar assert_range="unsupported" base_type="" comment="" complete_type=""
                 global_assert="unsupported"
                 init_mode="PERMANENT"
                 init_modes_allowed="4"
                 init_range="min..max"
                 line=""
                 name="return"/>
      </function>
      <function comment="" line="" main_generator_called="MAIN_GENERATOR"
                name="Rte_IRead_LKAS_Runnable_LKAS_Step_IMAPve_g_R1_C2_IMAPve_g_R1_C2">
         <scalar assert_range="unsupported" base_type="" comment="" complete_type=""
                 global_assert="unsupported"
                 init_mode="PERMANENT"
                 init_modes_allowed="4"
                 init_range="min..max"
                 line=""
                 name="return"/>
      </function>
      <function comment="" line="" main_generator_called="MAIN_GENERATOR"
                name="Rte_IRead_LKAS_Runnable_LKAS_Step_IMAPve_g_R1_C3_IMAPve_g_R1_C3">
         <scalar assert_range="unsupported" base_type="" comment="" complete_type=""
                 global_assert="unsupported"
                 init_mode="PERMANENT"
                 init_modes_allowed="4"
                 init_range="min..max"
                 line=""
                 name="return"/>
      </function>
      <function comment="" line="" main_generator_called="MAIN_GENERATOR"
                name="Rte_IRead_LKAS_Runnable_LKAS_Step_IMAPve_g_R1_VR_IMAPve_g_R1_VR">
         <scalar assert_range="unsupported" base_type="" comment="" complete_type=""
                 global_assert="unsupported"
                 init_mode="PERMANENT"
                 init_modes_allowed="4"
                 init_range="min..max"
                 line=""
                 name="return"/>
      </function>
      <function comment="" line="" main_generator_called="MAIN_GENERATOR"
                name="Rte_IRead_LKAS_Runnable_LKAS_Step_IMAPve_d_R1_Q_IMAPve_d_R1_Q">
         <scalar assert_range="unsupported" base_type="" comment="" complete_type=""
                 global_assert="unsupported"
                 init_mode="PERMANENT"
                 init_modes_allowed="4"
                 init_range="min..max"
                 line=""
                 name="return"/>
      </function>
      <function comment="" line="" main_generator_called="MAIN_GENERATOR"
                name="Rte_IRead_LKAS_Runnable_LKAS_Step_IMAPve_d_R1_Type_IMAPve_d_R1_Type">
         <scalar assert_range="unsupported" base_type="" comment="" complete_type=""
                 global_assert="unsupported"
                 init_mode="PERMANENT"
                 init_modes_allowed="4"
                 init_range="min..max"
                 line=""
                 name="return"/>
      </function>
      <function comment="" line="" main_generator_called="MAIN_GENERATOR"
                name="Rte_IRead_LKAS_Runnable_LKAS_Step_IMAPve_g_R1_W_IMAPve_g_R1_W">
         <scalar assert_range="unsupported" base_type="" comment="" complete_type=""
                 global_assert="unsupported"
                 init_mode="PERMANENT"
                 init_modes_allowed="4"
                 init_range="min..max"
                 line=""
                 name="return"/>
      </function>
   </file>
</global>
